Part,Notes,Link,Quantity,Price Per,Total
SC0914(13),RP2040 MCU,https://www.digikey.ca/short/q2dff4nt,1,1.19,1.19
W25Q16JVZPIQ TR,16 Mbit,https://www.digikey.ca/short/8r94jqwh,1,3.14,3.14
BMI323,6 Axis,https://www.digikey.ca/short/2492bw8v,1,6.11,6.11
830108206909,12 Mhz,https://www.digikey.ca/short/fd9mfhqf,1,0.78,0.78
USB4105-GF-A-120,USB-C Receptacle,https://www.digikey.ca/short/v23r8qfb,1,1.17,1.17
PH1-19-UA,19 Pin Male Headers,https://www.digikey.ca/short/fh214w20,2,0.37,0.74
61300311121,3 Pin Male Headers,https://www.digikey.ca/short/1tz5pv83,1,0.19,0.19
C0402C104K4RAC7411,0.1uf 0402 Capacitor,https://www.digikey.ca/short/5cj4qq82,13,0.138,1.794
GRT155R61E105KE01D,1uf 0402 Capacitor,https://www.digikey.ca/short/b3qwttt7,2,0.19,0.38
CL10A106MA8NRNC,10uf 0603 Capacitor,https://www.digikey.ca/short/28rz0qvv,2,0.47,0.94
C0402C120J5GACTU,12pf 0402 Capacitor,https://www.digikey.ca/short/4mzbf5rd,2,0.19,0.38
RC0402FR-075K1L,5.1k 0402 Resistor,https://www.digikey.ca/short/2ww07hnm
RC0402JR-1310KL,10k 0402 Resistor,https://www.digikey.ca/short/npzj902q,1,0.16,0.16
RC0402JR-074K7P,4.7k 0402 Resistor,https://www.digikey.ca/short/83b82rmh,2,0.16,0.32
RC0402JR-071KP,1k 0402 Resistor,https://www.digikey.ca/en/products/detail/yageo/RC0402JR-071KP/4935299?gclsrc=aw.ds&gad_source=1&gad_campaignid=17336435733&gbraid=0AAAAADrbLljxe9E9_nkTDyKGSKwB0OKfj&gclid=Cj0KCQjw2t3VBhD8ARIsAK0F6qzr7tW8tc0zZY0TtiC5Rv6-CKQSQmQvsvr6I_VMm315pclc_DIKu04aAikeEALw_wcB,2,0.16,0.32
RC0402FR-07270RL,270 0402 Resistor,https://www.digikey.ca/short/9w7j8rzp,1,0.16,0.16
CRG0402F27R,27 0402 Resistor,https://www.digikey.ca/short/2hpmh15d,2,0.16,0.32
LTST-T180UWET,0603 White LED,https://www.digikey.ca/short/f3bf70m5,1,0.39,0.39
B3U-1000P,Boot Button,https://www.digikey.ca/short/qbbj23fh,1,1.83,1.83
PCB,Comes with 5,,1,2.1,2.1
,,,,Sub Total:,22.734
,,,,Total With Tax:,25.46208
,,,,Shipping:,16.5
,,,,Total:,41.96208
